{
  "num_nodes": 20,
  "num_edges": 70,
  "node_ids": [
    "T01",
    "T02",
    "T03",
    "T04",
    "T05",
    "T06",
    "T07",
    "T08",
    "T09",
    "T10",
    "SW1",
    "SW2",
    "SW3",
    "SW4",
    "SG1",
    "SG2",
    "SG3",
    "BR1",
    "BR2",
    "BR3"
  ],
  "edge_index": [
    [
      14,
      10,
      10,
      0,
      0,
      1,
      1,
      2,
      2,
      17,
      17,
      3,
      3,
      4,
      4,
      12,
      12,
      15,
      2,
      11,
      4,
      5,
      11,
      18,
      6,
      18,
      18,
      13,
      13,
      7,
      7,
      8,
      8,
      19,
      19,
      9,
      9,
      16,
      5,
      8,
      14,
      10,
      14,
      0,
      15,
      12,
      15,
      4,
      16,
      9,
      16,
      19,
      17,
      2,
      17,
      3,
      18,
      6,
      18,
      13,
      19,
      8,
      19,
      9,
      14,
      10,
      15,
      12,
      11,
      14
    ],
    [
      10,
      14,
      0,
      10,
      1,
      0,
      2,
      1,
      17,
      2,
      3,
      17,
      4,
      3,
      12,
      4,
      15,
      12,
      11,
      2,
      5,
      4,
      18,
      11,
      18,
      6,
      13,
      18,
      7,
      13,
      8,
      7,
      19,
      8,
      9,
      19,
      16,
      9,
      8,
      5,
      10,
      14,
      0,
      14,
      12,
      15,
      4,
      15,
      9,
      16,
      19,
      16,
      2,
      17,
      3,
      17,
      6,
      18,
      13,
      18,
      8,
      19,
      9,
      19,
      10,
      14,
      12,
      15,
      14,
      11
    ]
  ],
  "edge_attr": [
    [
      0.800000011920929,
      0.0
    ],
    [
      0.800000011920929,
      0.0
    ],
    [
      1.0,
      0.0
    ],
    [
      1.0,
      0.0
    ],
    [
      1.0,
      0.0
    ],
    [
      1.0,
      0.0
    ],
    [
      1.0,
      0.0
    ],
    [
      1.0,
      0.0
    ],
    [
      0.8999999761581421,
      0.0
    ],
    [
      0.8999999761581421,
      0.0
    ],
    [
      0.8999999761581421,
      0.0
    ],
    [
      0.8999999761581421,
      0.0
    ],
    [
      1.0,
      0.0
    ],
    [
      1.0,
      0.0
    ],
    [
      1.0,
      0.0
    ],
    [
      1.0,
      0.0
    ],
    [
      0.800000011920929,
      0.0
    ],
    [
      0.800000011920929,
      0.0
    ],
    [
      0.699999988079071,
      0.0
    ],
    [
      0.699999988079071,
      0.0
    ],
    [
      0.800000011920929,
      0.0
    ],
    [
      0.800000011920929,
      0.0
    ],
    [
      0.8999999761581421,
      0.0
    ],
    [
      0.8999999761581421,
      0.0
    ],
    [
      0.8999999761581421,
      0.0
    ],
    [
      0.8999999761581421,
      0.0
    ],
    [
      0.8999999761581421,
      0.0
    ],
    [
      0.8999999761581421,
      0.0
    ],
    [
      1.0,
      0.0
    ],
    [
      1.0,
      0.0
    ],
    [
      1.0,
      0.0
    ],
    [
      1.0,
      0.0
    ],
    [
      0.8999999761581421,
      0.0
    ],
    [
      0.8999999761581421,
      0.0
    ],
    [
      0.8999999761581421,
      0.0
    ],
    [
      0.8999999761581421,
      0.0
    ],
    [
      0.800000011920929,
      0.0
    ],
    [
      0.800000011920929,
      0.0
    ],
    [
      0.699999988079071,
      0.0
    ],
    [
      0.699999988079071,
      0.0
    ],
    [
      0.6000000238418579,
      1.0
    ],
    [
      0.6000000238418579,
      1.0
    ],
    [
      0.5,
      1.0
    ],
    [
      0.5,
      1.0
    ],
    [
      0.6000000238418579,
      1.0
    ],
    [
      0.6000000238418579,
      1.0
    ],
    [
      0.5,
      1.0
    ],
    [
      0.5,
      1.0
    ],
    [
      0.5,
      1.0
    ],
    [
      0.5,
      1.0
    ],
    [
      0.4000000059604645,
      1.0
    ],
    [
      0.4000000059604645,
      1.0
    ],
    [
      0.699999988079071,
      2.0
    ],
    [
      0.699999988079071,
      2.0
    ],
    [
      0.699999988079071,
      2.0
    ],
    [
      0.699999988079071,
      2.0
    ],
    [
      0.699999988079071,
      2.0
    ],
    [
      0.699999988079071,
      2.0
    ],
    [
      0.6000000238418579,
      2.0
    ],
    [
      0.6000000238418579,
      2.0
    ],
    [
      0.699999988079071,
      2.0
    ],
    [
      0.699999988079071,
      2.0
    ],
    [
      0.699999988079071,
      2.0
    ],
    [
      0.699999988079071,
      2.0
    ],
    [
      0.8999999761581421,
      3.0
    ],
    [
      0.8999999761581421,
      3.0
    ],
    [
      0.8999999761581421,
      3.0
    ],
    [
      0.8999999761581421,
      3.0
    ],
    [
      0.30000001192092896,
      3.0
    ],
    [
      0.30000001192092896,
      3.0
    ]
  ],
  "feature_dim": 16,
  "feature_names": [
    "vibration_norm",
    "temperature_norm",
    "load_norm",
    "current_norm",
    "vibration_roll_mean",
    "vibration_roll_std",
    "temperature_roll_mean",
    "temperature_roll_std",
    "vibration_trend",
    "temperature_trend",
    "is_track",
    "is_switch",
    "is_signal",
    "is_bridge"
  ]
}